source_model,dest_model,similarity
KGAT-Jan-15-2023_17-53-21,KGAT-Jan-20-2023_15-53-38,0.46567796610169493
KGAT-Jan-15-2023_17-53-21,KGAT-Jan-26-2023_21-20-41,0.5190677966101694
KGAT-Jan-20-2023_15-53-38,KGAT-Jan-26-2023_21-20-41,0.4533898305084746
