source_model,dest_model,similarity
KGAT-Jan-30-2023_17-16-18,KGAT-Jan-30-2023_16-18-53,0.9995762711864407
KGAT-Jan-30-2023_17-16-18,KGAT-Jan-30-2023_17-20-40,0.03961864406779661
KGAT-Jan-30-2023_16-18-53,KGAT-Jan-30-2023_17-20-40,0.03961864406779661
