source_model,dest_model,similarity
KGAT-Jan-26-2023_15-07-45,KGAT-Jan-26-2023_15-16-17,0.8548728813559324
KGAT-Jan-26-2023_15-07-45,KGAT-Jan-26-2023_15-21-32,0.025847457627118646
KGAT-Jan-26-2023_15-16-17,KGAT-Jan-26-2023_15-21-32,0.025
