source_model,dest_model,similarity
KGAT-Jan-15-2023_17-53-21,KGAT-Jan-15-2023_19-36-57,0.897033898305085
KGAT-Jan-15-2023_17-53-21,KGAT-Jan-26-2023_20-29-49,0.8394067796610171
KGAT-Jan-15-2023_19-36-57,KGAT-Jan-26-2023_20-29-49,0.8368644067796611
